id,anzahl,anmerkungen,bilanzsumme,gesamtbezuege,value,durchschnitt
413,2,,"186,6 Mio. €",239 T. €,119.5,"119,5 T. €"
412,"2,9",Horst Wanik schied am 30.11.2014 aus dem Vorstand aus. Aus diesem Grund ergibt sich eine Kommazahl bei den Vorständen.,"188,2 Mio. €",254 T. €,87.58620689655173,"87,6 T. €"
414,2,,"150,7 Mio. €",278 T. €,139.0,139 T. €
409,2,,"237,8 Mio. €",291 T. €,145.5,"145,5 T. €"
411,2,,"193,6 Mio. €",291 T. €,145.5,"145,5 T. €"
408,2,,"239,5 Mio. €",305 T. €,152.5,"152,5 T. €"
405,2,,"295,9 Mio. €",315 T. €,157.5,"157,5 T. €"
370,2,,"524,7 Mio. €",319 T. €,159.5,"159,5 T. €"
407,2,,269 Mio. €,329 T. €,164.5,"164,5 T. €"
291,2,,"1,1 Mrd. €",343 T. €,171.5,"171,5 T. €"
395,2,,"328,8 Mio. €",345 T. €,172.5,"172,5 T. €"
393,2,,"362,2 Mio. €",349 T. €,174.5,"174,5 T. €"
390,2,,"376,3 Mio. €",353 T. €,176.5,"176,5 T. €"
400,2,,290 Mio. €,360 T. €,180.0,180 T. €
415,3,,"156,1 Mio. €",361 T. €,120.33333333333333,"120,3 T. €"
391,2,,"367,7 Mio. €","366,3 T. €",183.129,"183,1 T. €"
355,2,,"614,6 Mio. €",368 T. €,184.0,184 T. €
293,2,,"1,1 Mrd. €","370,9 T. €",185.4495,"185,4 T. €"
349,3,,"671,5 Mio. €",380 T. €,126.66666666666667,"126,7 T. €"
302,2,,"981,7 Mio. €",384 T. €,192.0,192 T. €
406,2,,"296,5 Mio. €",396 T. €,198.0,198 T. €
403,2,Fusioniert zu Sparkasse Siegen,"285,3 Mio. €",398 T. €,199.0,199 T. €
326,2,,"825,2 Mio. €",399 T. €,199.5,"199,5 T. €"
380,2,,"449,3 Mio. €",399 T. €,199.5,"199,5 T. €"
399,2,,"301,6 Mio. €",400 T. €,200.0,200 T. €
277,"2,1",Horst Wanik und Ole Schön kamen erst am 1.12.2014 in den Vorstand. Gerhard Kleespies schied am 30.11.2014 aus. Aus diesem Grund ergibt sich eine Kommazahl bei den Vorständen.,"1,1 Mrd. €",401 T. €,190.95238095238093,191 T. €
345,2,,"704,5 Mio. €","404,2 T. €",202.1,"202,1 T. €"
364,2,Fusioniert zu Sparkasse Hegau-Bodensee ,587 Mio. €,406 T. €,203.0,203 T. €
401,2,,"311,5 Mio. €","411,5 T. €",205.75,"205,8 T. €"
396,2,,"314,2 Mio. €","411,7 T. €",205.829,"205,8 T. €"
397,2,,"317,2 Mio. €",413 T. €,206.5,"206,5 T. €"
287,2,,"1,2 Mrd. €",414 T. €,207.0,207 T. €
289,2,,"1,1 Mrd. €",418 T. €,209.0,209 T. €
394,2,,"331,6 Mio. €",418 T. €,209.0,209 T. €
247,2,,"1,4 Mrd. €",422 T. €,211.0,211 T. €
341,2,,"702,7 Mio. €",422 T. €,211.0,211 T. €
343,2,,"709,2 Mio. €",424 T. €,212.0,212 T. €
285,2,,"1,2 Mrd. €",426 T. €,213.0,213 T. €
386,2,,"407,2 Mio. €",431 T. €,215.5,"215,5 T. €"
389,2,,"390,7 Mio. €",434 T. €,217.0,217 T. €
237,2,,"1,4 Mrd. €","434,2 T. €",217.089,"217,1 T. €"
328,2,,"795,2 Mio. €",436 T. €,218.0,218 T. €
387,2,,"439,1 Mio. €",436 T. €,218.0,218 T. €
292,2,,"1,2 Mrd. €",439 T. €,219.5,"219,5 T. €"
321,2,,900 Mio. €,443 T. €,221.5,"221,5 T. €"
305,2,,"964,1 Mio. €",445 T. €,222.5,"222,5 T. €"
340,2,,"754,1 Mio. €",448 T. €,224.0,224 T. €
375,2,,495 Mio. €,449 T. €,224.5,"224,5 T. €"
372,2,,"516,4 Mio. €","449,8 T. €",224.9,"224,9 T. €"
320,2,,"871,1 Mio. €",452 T. €,226.0,226 T. €
402,2,,"296,1 Mio. €",453 T. €,226.5,"226,5 T. €"
359,2,,"606,1 Mio. €",456 T. €,228.0,228 T. €
337,2,,"723,8 Mio. €",458 T. €,229.0,229 T. €
249,2,,"1,4 Mrd. €",462 T. €,231.0,231 T. €
306,2,,"981,7 Mio. €",462 T. €,231.0,231 T. €
322,2,,"861,2 Mio. €",465 T. €,232.5,"232,5 T. €"
319,2,,"811,8 Mio. €",469 T. €,234.5,"234,5 T. €"
316,2,,"916,2 Mio. €",472 T. €,236.0,236 T. €
270,2,,"1,2 Mrd. €",474 T. €,237.0,237 T. €
379,2,Fusioniert zu Westmünsterland,"452,4 Mio. €",474 T. €,237.0,237 T. €
283,2,,"1,2 Mrd. €",476 T. €,238.0,238 T. €
160,2,,"2,1 Mrd. €",479 T. €,239.5,"239,5 T. €"
368,2,,"537,4 Mio. €",480 T. €,240.0,240 T. €
288,2,,"1,1 Mrd. €",481 T. €,240.5,"240,5 T. €"
216,2,,"1,6 Mrd. €",482 T. €,241.0,241 T. €
358,2,,"606,8 Mio. €",491 T. €,245.5,"245,5 T. €"
346,2,,673 Mio. €,"491,1 T. €",245.5475,"245,5 T. €"
327,2,,"792,8 Mio. €","491,4 T. €",245.7,"245,7 T. €"
338,2,,"713,1 Mio. €",492 T. €,246.0,246 T. €
385,2,,"414,3 Mio. €",493 T. €,246.5,"246,5 T. €"
298,2,,1 Mrd. €,499 T. €,249.5,"249,5 T. €"
323,2,,"795,9 Mio. €",499 T. €,249.5,"249,5 T. €"
164,2,,2 Mrd. €,500 T. €,250.0,250 T. €
232,2,,"1,5 Mrd. €",503 T. €,251.5,"251,5 T. €"
296,2,,"1,1 Mrd. €",505 T. €,252.5,"252,5 T. €"
250,2,,"1,4 Mrd. €",506 T. €,253.0,253 T. €
266,2,,"1,2 Mrd. €",506 T. €,253.0,253 T. €
241,2,,"1,5 Mrd. €",512 T. €,256.0,256 T. €
335,2,,"744,9 Mio. €",512 T. €,256.0,256 T. €
360,2,,"585,4 Mio. €",533 T. €,266.5,"266,5 T. €"
361,2,,"536,8 Mio. €","533,9 T. €",266.95,"266,9 T. €"
259,2,,"1,3 Mrd. €",535 T. €,267.5,"267,5 T. €"
348,2,,"661,2 Mio. €",538 T. €,269.0,269 T. €
363,2,,"590,2 Mio. €",542 T. €,271.0,271 T. €
384,2,,436 Mio. €,543 T. €,271.5,"271,5 T. €"
365,2,,"570,3 Mio. €",547 T. €,273.5,"273,5 T. €"
369,2,,"542,8 Mio. €",547 T. €,273.5,"273,5 T. €"
268,2,,"1,3 Mrd. €",549 T. €,274.5,"274,5 T. €"
246,2,,"1,4 Mrd. €","552,9 T. €",276.45,"276,4 T. €"
253,2,,"1,4 Mrd. €",553 T. €,276.5,"276,5 T. €"
231,"2,5",Harald Weiß schied am 30.6.2014 aus dem Vorstand aus. Aus diesem Grund ergibt sich eine Kommazahl bei den Vorständen.,"1,6 Mrd. €",555 T. €,222.0,222 T. €
294,2,,"1,1 Mrd. €",556 T. €,278.0,278 T. €
273,2,,"1,2 Mrd. €",558 T. €,279.0,279 T. €
315,2,,862 Mio. €,559 T. €,279.5,"279,5 T. €"
313,2,,"838,8 Mio. €",560 T. €,280.0,280 T. €
331,2,,"757,6 Mio. €","560,3 T. €",280.15,"280,1 T. €"
309,2,,"906,1 Mio. €",568 T. €,284.0,284 T. €
271,2,,"1,1 Mrd. €","568,2 T. €",284.1,"284,1 T. €"
339,2,,739 Mio. €,571 T. €,285.5,"285,5 T. €"
217,2,,"1,6 Mrd. €",572 T. €,286.0,286 T. €
275,2,,"1,2 Mrd. €",572 T. €,286.0,286 T. €
189,"1,5",Kay Klingsieck war ab dem 01.11.2014 im Vorstand und Rainer Langkamp schied am 30.04.2014 aus. Aus diesem Grund ergibt sich eine Kommazahl bei den Vorständen.,"1,9 Mrd. €",574 T. €,382.6666666666667,"382,7 T. €"
354,2,,"640,6 Mio. €","574,6 T. €",287.3,"287,3 T. €"
352,2,Fusioniert zu SPK an der Lippe,"595,9 Mio. €",576 T. €,288.0,288 T. €
220,2,,"1,6 Mrd. €",577 T. €,288.5,"288,5 T. €"
193,2,,"1,8 Mrd. €",579 T. €,289.5,"289,5 T. €"
342,2,,742 Mio. €,579 T. €,289.5,"289,5 T. €"
254,2,,"1,4 Mrd. €",588 T. €,294.0,294 T. €
210,2,,"1,8 Mrd. €",593 T. €,296.5,"296,5 T. €"
347,2,,"672,6 Mio. €",597 T. €,298.5,"298,5 T. €"
264,2,,"1,4 Mrd. €",599 T. €,299.5,"299,5 T. €"
202,2,,"1,7 Mrd. €",600 T. €,300.0,300 T. €
187,2,,"1,8 Mrd. €",601 T. €,300.5,"300,5 T. €"
336,"2,92",Fritz Lutzenberger und Alexander Schmitz schieden am 30.11.2014 den Vorstand. Alexander Schmitz kam am 1.12.2014 dazu. Aus diesem Grund ergibt sich eine Kommazahl bei den Vorständen.,"763,8 Mio. €",603 T. €,206.5068493150685,"206,5 T. €"
310,2,,"910,7 Mio. €","603,3 T. €",301.65,"301,6 T. €"
170,2,,"1,9 Mrd. €",606 T. €,303.0,303 T. €
199,2,Fusioniert zu Niederrheinische Sparkasse RheinLippe,"1,7 Mrd. €",606 T. €,303.0,303 T. €
281,2,,"1,2 Mrd. €",606 T. €,303.0,303 T. €
214,2,,"1,7 Mrd. €",610 T. €,305.0,305 T. €
284,3,,"1,2 Mrd. €",612 T. €,204.0,204 T. €
274,2,,"1,2 Mrd. €",613 T. €,306.5,"306,5 T. €"
177,2,,"1,8 Mrd. €",615 T. €,307.5,"307,5 T. €"
245,2,,"1,4 Mrd. €",616 T. €,308.0,308 T. €
280,2,,"1,1 Mrd. €",616 T. €,308.0,308 T. €
173,2,,"1,9 Mrd. €",617 T. €,308.5,"308,5 T. €"
197,2,,"1,6 Mrd. €",621 T. €,310.5,"310,5 T. €"
215,2,Fusioniert zu Niederrheinische Sparkasse RheinLippe,"1,5 Mrd. €","623,8 T. €",311.9,"311,9 T. €"
222,2,,"1,6 Mrd. €",624 T. €,312.0,312 T. €
329,2,,"781,1 Mio. €",626 T. €,313.0,313 T. €
286,"2,5",Andreas Pöhlmann schied am 30.6.2014 aus dem Vorstand aus. Aus diesem Grund ergibt sich eine Kommazahl bei den Vorständen.,"1,2 Mrd. €",630 T. €,252.0,252 T. €
152,2,,"2,3 Mrd. €",636 T. €,318.0,318 T. €
98,2,,"3,1 Mrd. €",637 T. €,318.5,"318,5 T. €"
240,2,,"1,4 Mrd. €",637 T. €,318.5,"318,5 T. €"
155,2,,"2,2 Mrd. €",645 T. €,322.5,"322,5 T. €"
244,2,Fusioniert zu SPK an der Lippe,"1,4 Mrd. €",646 T. €,323.0,323 T. €
200,2,,"1,8 Mrd. €","658,8 T. €",329.4215,"329,4 T. €"
279,2,,"1,2 Mrd. €",667 T. €,333.5,"333,5 T. €"
256,2,,"1,4 Mrd. €",669 T. €,334.5,"334,5 T. €"
272,2,,"1,2 Mrd. €","669,5 T. €",334.75,"334,8 T. €"
195,3,,"1,7 Mrd. €",671 T. €,223.66666666666666,"223,7 T. €"
252,2,,"1,3 Mrd. €","679,7 T. €",339.85,"339,9 T. €"
175,2,,2 Mrd. €,681 T. €,340.5,"340,5 T. €"
96,2,,"3,2 Mrd. €",682 T. €,341.0,341 T. €
168,"2,5",Ilona Roth kam erst am 1.7.2014 in den Vorstand. Aus diesem Grund ergibt sich eine Kommazahl bei den Vorständen.,"2,1 Mrd. €",686 T. €,274.4,"274,4 T. €"
267,3,,"1,2 Mrd. €",686 T. €,228.66666666666666,"228,7 T. €"
243,2,,"1,5 Mrd. €",689 T. €,344.5,"344,5 T. €"
191,2,,"1,8 Mrd. €",690 T. €,345.0,345 T. €
251,2,,"1,4 Mrd. €",690 T. €,345.0,345 T. €
192,3,,"1,9 Mrd. €",694 T. €,231.33333333333334,"231,3 T. €"
171,2,,2 Mrd. €,699 T. €,349.5,"349,5 T. €"
179,"2,33",Bernd Sellmer schied am 30.4.2014 aus dem Vorstand aus. Aus diesem Grund ergibt sich eine Kommazahl bei den Vorständen.,"1,9 Mrd. €",701 T. €,300.85836909871244,"300,9 T. €"
149,2,,"2,2 Mrd. €","704,6 T. €",352.3,"352,3 T. €"
147,2,,"2,4 Mrd. €",707 T. €,353.5,"353,5 T. €"
174,3,,"1,9 Mrd. €",740 T. €,246.66666666666666,"246,7 T. €"
130,3,,"2,7 Mrd. €","744,7 T. €",248.21833333333333,"248,2 T. €"
133,2,,"2,6 Mrd. €",749 T. €,374.5,"374,5 T. €"
126,"2,25",Roland Supper schied am 31.3.2014 aus dem Vorstand aus. Aus diesem Grund ergibt sich eine Kommazahl bei den Vorständen.,"2,7 Mrd. €",763 T. €,339.11111111111114,"339,1 T. €"
233,3,,"1,5 Mrd. €",764 T. €,254.66666666666666,"254,7 T. €"
190,3,,"1,8 Mrd. €",777 T. €,259.0,259 T. €
180,3,,2 Mrd. €,779 T. €,259.66666666666663,"259,7 T. €"
225,3,,"1,6 Mrd. €",779 T. €,259.66666666666663,"259,7 T. €"
188,3,,"1,8 Mrd. €",780 T. €,260.0,260 T. €
151,2,,"2,2 Mrd. €",781 T. €,390.5,"390,5 T. €"
158,2,,"2,1 Mrd. €",784 T. €,392.0,392 T. €
113,2,,3 Mrd. €,792 T. €,396.0,396 T. €
186,3,,"1,9 Mrd. €",794 T. €,264.6666666666667,"264,7 T. €"
182,3,,"1,8 Mrd. €",795 T. €,265.0,265 T. €
65,3,,"3,9 Mrd. €",805 T. €,268.3333333333333,"268,3 T. €"
208,3,,"1,7 Mrd. €",806 T. €,268.6666666666667,"268,7 T. €"
128,2,,"2,6 Mrd. €",812 T. €,406.0,406 T. €
89,2,,"3,2 Mrd. €",817 T. €,408.5,"408,5 T. €"
265,3,,"1,3 Mrd. €",818 T. €,272.6666666666667,"272,7 T. €"
83,3,,"3,5 Mrd. €",828 T. €,276.0,276 T. €
142,3,,"2,5 Mrd. €",833 T. €,277.6666666666667,"277,7 T. €"
204,3,,"1,7 Mrd. €",856 T. €,285.3333333333333,"285,3 T. €"
239,3,,"1,5 Mrd. €",866 T. €,288.6666666666667,"288,7 T. €"
236,3,,"1,5 Mrd. €",870 T. €,290.0,290 T. €
115,2,,"2,9 Mrd. €",874 T. €,437.0,437 T. €
162,3,,2 Mrd. €,876 T. €,292.0,292 T. €
181,3,,"1,9 Mrd. €",876 T. €,292.0,292 T. €
166,3,,"2,1 Mrd. €",888 T. €,296.0,296 T. €
48,"2,33",Ralph Schmieder schied am 30.4.2014 aus dem Vorstand aus. Aus diesem Grund ergibt sich eine Kommazahl bei den Vorständen.,5 Mrd. €,903 T. €,387.55364806866953,"387,6 T. €"
144,3,,"2,3 Mrd. €",906 T. €,302.0,302 T. €
85,3,,"3,6 Mrd. €",915 T. €,305.0,305 T. €
119,3,,"2,9 Mrd. €",920 T. €,306.6666666666667,"306,7 T. €"
105,3,,"3,1 Mrd. €",921 T. €,307.0,307 T. €
122,3,,"2,7 Mrd. €",925 T. €,308.3333333333333,"308,3 T. €"
140,"2,5",Andrea Kriebel schied am 30.6.2014 aus dem Vorstand aus. Aus diesem Grund ergibt sich eine Kommazahl bei den Vorständen.,"2,5 Mrd. €",932 T. €,372.8,"372,8 T. €"
99,3,,"3,2 Mrd. €",935 T. €,311.6666666666667,"311,7 T. €"
94,3,,"3,2 Mrd. €",945 T. €,315.0,315 T. €
146,3,,"2,4 Mrd. €",950 T. €,316.6666666666667,"316,7 T. €"
61,"2,42",Axel Warnecke schied am 31.5.2014 aus dem Vorstand aus. Aus diesem Grund ergibt sich eine Kommazahl bei den Vorständen.,"4,4 Mrd. €",957 T. €,395.4545454545455,"395,5 T. €"
71,3,,"3,9 Mrd. €",962 T. €,320.6666666666667,"320,7 T. €"
137,4,,"2,4 Mrd. €",964 T. €,241.00475,241 T. €
229,3,,"1,5 Mrd. €",967 T. €,322.3333333333333,"322,3 T. €"
207,3,,"1,7 Mrd. €",970 T. €,323.3333333333333,"323,3 T. €"
72,3,,4 Mrd. €,973 T. €,324.3333333333333,"324,3 T. €"
76,3,,"3,9 Mrd. €",973 T. €,324.3333333333333,"324,3 T. €"
178,3,,2 Mrd. €,978 T. €,326.0,326 T. €
153,3,,"2,3 Mrd. €",980 T. €,326.6666666666667,"326,7 T. €"
185,3,,"1,8 Mrd. €","980,4 T. €",326.8,"326,8 T. €"
84,"2,75",Axel Mast schied am 30.6.2014 aus dem Vorstand aus. Thomas Endres kam am 1.10.2014 dazu. Aus diesem Grund ergibt sich eine Kommazahl bei den Vorständen.,"3,5 Mrd. €",986 T. €,358.5454545454545,"358,5 T. €"
53,3,,"4,7 Mrd. €",988 T. €,329.3333333333333,"329,3 T. €"
131,3,,"2,6 Mrd. €",989 T. €,329.6666666666667,"329,7 T. €"
102,3,,"3,1 Mrd. €",990 T. €,330.0,330 T. €
66,3,,"4,2 Mrd. €",994 T. €,331.3333333333333,"331,3 T. €"
145,3,,"2,4 Mrd. €",995 T. €,331.6666666666667,"331,7 T. €"
75,3,,"3,7 Mrd. €",1 Mio. €,333.6666666666667,"333,7 T. €"
41,3,,"5,8 Mrd. €",k.A.,,k.A.
132,3,,"2,6 Mrd. €",1 Mio. €,338.5416666666667,"338,5 T. €"
60,"2,71",Peter Buchmann schied am 18.9.2014 aus dem Vorstand aus. Aus diesem Grund ergibt sich eine Kommazahl bei den Vorständen.,"4,2 Mrd. €",1 Mio. €,374.9077490774908,"374,9 T. €"
104,3,,"3,1 Mrd. €",1 Mio. €,338.7333333333333,"338,7 T. €"
69,3,,4 Mrd. €,1 Mio. €,341.3333333333333,"341,3 T. €"
51,3,,"5,1 Mrd. €",1 Mio. €,343.0,343 T. €
52,3,,"4,8 Mrd. €",1 Mio. €,347.6666666666667,"347,7 T. €"
95,3,,"3,3 Mrd. €",1 Mio. €,349.0,349 T. €
55,3,,"4,7 Mrd. €","1,1 Mio. €",352.6666666666667,"352,7 T. €"
62,"2,66",Thomas Bärtl schied am 28.2.2014 aus dem Vorstand aus. Harald Kraus kam am 1.7.2014 dazu. Aus diesem Grund ergibt sich eine Kommazahl bei den Vorständen.,"4,5 Mrd. €","1,1 Mio. €",398.49624060150376,"398,5 T. €"
114,3,,3 Mrd. €,"1,1 Mio. €",354.3333333333333,"354,3 T. €"
111,3,,3 Mrd. €,"1,1 Mio. €",354.5,"354,5 T. €"
59,3,,"4,3 Mrd. €","1,1 Mio. €",355.6666666666667,"355,7 T. €"
90,3,,"3,5 Mrd. €","1,1 Mio. €",360.3333333333333,"360,3 T. €"
136,"2,92","Friedrich Hesse schied am 30.6.2014 aus dem Vorstand aus. Veit Kalinke, kam am 1.8.2014 dazu. Aus diesem Grund ergibt sich eine Kommazahl bei den Vorständen.","2,5 Mrd. €","1,1 Mio. €",372.60273972602744,"372,6 T. €"
93,3,,"3,4 Mrd. €","1,1 Mio. €",364.3333333333333,"364,3 T. €"
87,3,,"3,5 Mrd. €","1,1 Mio. €",364.6666666666667,"364,7 T. €"
101,3,,"3,2 Mrd. €","1,1 Mio. €",364.6666666666667,"364,7 T. €"
134,3,,"2,5 Mrd. €","1,1 Mio. €",364.6666666666667,"364,7 T. €"
46,3,,"5,6 Mrd. €","1,1 Mio. €",366.0,366 T. €
73,3,,"3,9 Mrd. €","1,1 Mio. €",366.3333333333333,"366,3 T. €"
54,3,,"4,4 Mrd. €","1,1 Mio. €",368.6666666666667,"368,7 T. €"
82,3,,"3,8 Mrd. €","1,1 Mio. €",368.6666666666667,"368,7 T. €"
67,3,,"4,1 Mrd. €","1,1 Mio. €",372.6666666666667,"372,7 T. €"
79,3,,"3,8 Mrd. €","1,1 Mio. €",375.6666666666667,"375,7 T. €"
100,3,,"3,3 Mrd. €","1,1 Mio. €",378.0,378 T. €
86,3,,"3,5 Mrd. €","1,1 Mio. €",381.3333333333333,"381,3 T. €"
124,3,,"2,7 Mrd. €","1,2 Mio. €",385.0,385 T. €
109,3,,3 Mrd. €,"1,2 Mio. €",392.0,392 T. €
32,4,,"6,8 Mrd. €","1,2 Mio. €",299.5,"299,5 T. €"
117,3,,"2,8 Mrd. €","1,2 Mio. €",403.6666666666667,"403,7 T. €"
156,4,,"2,2 Mrd. €","1,2 Mio. €",308.5,"308,5 T. €"
50,4,,"5,2 Mrd. €","1,2 Mio. €",310.0,310 T. €
47,3,,"5,4 Mrd. €","1,2 Mio. €",416.0,416 T. €
116,3,,"2,9 Mrd. €","1,3 Mio. €",418.6666666666667,"418,7 T. €"
63,3,,"4,1 Mrd. €","1,3 Mio. €",422.3333333333333,"422,3 T. €"
106,3,Am 1.5.2015 fusionierte die Stadtsparkasse Freudenberg mit dieser Sparkasse.,"3,1 Mrd. €","1,3 Mio. €",422.3333333333333,"422,3 T. €"
97,3,,"3,3 Mrd. €","1,3 Mio. €",422.7,"422,7 T. €"
57,3,,"4,4 Mrd. €","1,3 Mio. €",423.3333333333333,"423,3 T. €"
103,3,,"3,1 Mrd. €","1,3 Mio. €",428.7666666666667,"428,8 T. €"
92,4,,"3,4 Mrd. €","1,3 Mio. €",334.0,334 T. €
42,3,,"5,8 Mrd. €","1,3 Mio. €",445.6666666666667,"445,7 T. €"
163,3,Zwei Sparkassen aus Wesermünde und Bremerhaven sind zum 31. August 2014 zur Sparkasse Weser-Elbe fusioniert.,4 Mrd. €,"1,3 Mio. €",446.3333333333333,"446,3 T. €"
64,3,,"4,2 Mrd. €","1,3 Mio. €",449.6666666666667,"449,7 T. €"
21,3,,"8,2 Mrd. €","1,3 Mio. €",449.68,"449,7 T. €"
28,4,,"7,2 Mrd. €","1,5 Mio. €",372.75,"372,8 T. €"
26,4,,"7,2 Mrd. €","1,5 Mio. €",376.25,"376,2 T. €"
39,3,,"5,9 Mrd. €","1,5 Mio. €",504.3333333333333,"504,3 T. €"
36,4,,"6,3 Mrd. €","1,5 Mio. €",378.95,"378,9 T. €"
110,4,,3 Mrd. €,"1,5 Mio. €",384.5,"384,5 T. €"
29,3,"Diese Sparkasse hat zwei Vorstände und einen stellv. Vorstand. Da im Jahresbericht nur eine Gesamtsumme angegeben wird, haben wir den Betrag durch drei geteilt.","6,9 Mrd. €","1,6 Mio. €",519.0,519 T. €
12,4,,11 Mrd. €,"1,6 Mio. €",390.0,390 T. €
40,"3,66","Die Anzahl der Mitglieder des Vorstandes belief sich auf das gesamte Jahr gesehen auf 5, allerdings schieden währenddessen 2 Mitglieder aus und ein neues kam hinzu","5,7 Mrd. €","1,6 Mio. €",436.3387978142076,"436,3 T. €"
7,3,,"11,9 Mrd. €","1,6 Mio. €",535.3333333333334,"535,3 T. €"
16,3,,"9,8 Mrd. €","1,6 Mio. €",535.6666666666666,"535,7 T. €"
17,3,,"8,8 Mrd. €","1,6 Mio. €",542.3333333333334,"542,3 T. €"
19,4,,"8,4 Mrd. €","1,6 Mio. €",411.75,"411,8 T. €"
49,"3,5",Matthias Bretschneider schied am 30.6.2014 aus dem Vorstand aus. Aus diesem Grund ergibt sich eine Kommazahl bei den Vorständen.,"4,6 Mrd. €","1,6 Mio. €",471.14285714285717,"471,1 T. €"
13,4,,"10,3 Mrd. €","1,7 Mio. €",425.0,425 T. €
31,4,,"6,5 Mrd. €","1,8 Mio. €",441.25,"441,2 T. €"
33,4,"Am 31.8.2015 fusionierte die Sparkasse Gronau mit dieser Sparkasse. Im Jahr 2014 hatte Gronau eine NPL-Quote von insgesamt 0,98%.","6,4 Mrd. €","1,8 Mio. €",446.95,"446,9 T. €"
34,4,,"6,5 Mrd. €","1,8 Mio. €",454.0,454 T. €
10,4,,"10,8 Mrd. €","1,8 Mio. €",461.75,"461,8 T. €"
8,"3,92",Michael Meyer kam am 01.6.2014 in den Vorstand dazu. Stefan Dahm wurde ab dem 1.9.2014 als stellvertretendes Mitglied entlohnt. Aus diesem Grund ergibt sich eine Kommazahl bei den Vorständen.,"11,5 Mrd. €","1,9 Mio. €",487.04897959183677,487 T. €
15,4,,"10,2 Mrd. €","1,9 Mio. €",484.5,"484,5 T. €"
58,5,,"4,6 Mrd. €",2 Mio. €,390.8612,"390,9 T. €"
22,4,,"8,3 Mrd. €",2 Mio. €,497.0,497 T. €
43,5,,"5,4 Mrd. €",2 Mio. €,409.4,"409,4 T. €"
23,4,,8 Mrd. €,"2,1 Mio. €",521.725,"521,7 T. €"
18,4,,"8,8 Mrd. €","2,2 Mio. €",556.0,556 T. €
6,"3,66",Walter Kleine schied am 23.7. aus dem Vorstand aus. Kerstin Berghoff-Ising kam am 1.12.2014 dazu. Aus diesem Grund ergibt sich eine Kommazahl bei den Vorständen.,"13,6 Mrd. €","2,2 Mio. €",613.6612021857924,"613,7 T. €"
37,6,,"5,7 Mrd. €","2,4 Mio. €",396.3333333333333,"396,3 T. €"
9,4,,11 Mrd. €,"2,4 Mio. €",600.0,600 T. €
5,5,,"16,4 Mrd. €","2,5 Mio. €",490.2,"490,2 T. €"
4,4,Die Frankfurter Sparkasse ist eine hundertprozentige Tochter der Landesbank Hessen-Thüringen (Helaba).,"17,7 Mrd. €","2,5 Mio. €",613.0,613 T. €
2,5,,"27,4 Mrd. €","2,6 Mio. €",512.76,"512,8 T. €"
14,5,,10 Mrd. €,"2,7 Mio. €",544.8,"544,8 T. €"
3,5,,"23,1 Mrd. €","3,5 Mio. €",704.28,"704,3 T. €"
419,6,Die Berliner Sparkasse befindet sich im Besitz der deutschen Sparkassen. Trägerin ist die Landesbank Berlin AG.,"57,4 Mrd. €","3,9 Mio. €",651.8333333333334,"651,8 T. €"
1,"4,92",Reinhard Klein schied am 31.3.2014 aus dem Vorstand aus. Axel Kodlin kam am 1.4. dazu und Bettina Poullain am 1.2. Aus diesem Grund ergibt sich eine Kommazahl bei den Vorständen.,"41,9 Mrd. €","4,2 Mio. €",853.6585365853659,"853,7 T. €"
218,3,,"1,6 Mrd. €",k.A.,,k.A.
11,4,,"10,7 Mrd. €",k.A.,,k.A.
20,4,,"8,1 Mrd. €",k.A.,,k.A.
24,4,,"8,7 Mrd. €",k.A.,,k.A.
25,4,,"7,4 Mrd. €",k.A.,,k.A.
27,3,,"7,4 Mrd. €",k.A.,,k.A.
30,3,,"6,7 Mrd. €",k.A.,,k.A.
35,3,,"5,8 Mrd. €",k.A.,,k.A.
38,3,,"6,2 Mrd. €",k.A.,,k.A.
44,4,,"5,6 Mrd. €",k.A.,,k.A.
45,3,,"5,5 Mrd. €",k.A.,,k.A.
56,3,,"4,8 Mrd. €",k.A.,,k.A.
68,2,,"4,1 Mrd. €",k.A.,,k.A.
70,3,,"4,1 Mrd. €",k.A.,,k.A.
74,2,,"3,9 Mrd. €",k.A.,,k.A.
77,3,,"3,8 Mrd. €",k.A.,,k.A.
78,3,,"3,8 Mrd. €",k.A.,,k.A.
80,"2,58",Hartmut Steudle schied am 30.6.2014 aus dem Vorstand aus. Georg Lixenfeld kam erst am 1.12.2014 dazu. Aus diesem Grund ergibt sich eine Kommazahl bei den Vorständen.,"3,8 Mrd. €",k.A.,,k.A.
81,3,,"3,8 Mrd. €",k.A.,,k.A.
88,3,,"3,5 Mrd. €",k.A.,,k.A.
91,2,,"3,4 Mrd. €",k.A.,,k.A.
107,3,,3 Mrd. €,k.A.,,k.A.
108,3,,"3,1 Mrd. €",k.A.,,k.A.
112,2,,3 Mrd. €,k.A.,,k.A.
118,3,,"2,9 Mrd. €",k.A.,,k.A.
120,2,,"2,8 Mrd. €",k.A.,,k.A.
121,3,,"2,7 Mrd. €",k.A.,,k.A.
123,2,,"2,7 Mrd. €",k.A.,,k.A.
125,2,Fusioniert zu Sparkasse Hegau-Bodensee ,"2,6 Mrd. €",k.A.,,k.A.
127,2,,"2,6 Mrd. €",k.A.,,k.A.
129,3,,"2,6 Mrd. €",k.A.,,k.A.
135,2,,"2,5 Mrd. €",k.A.,,k.A.
138,"2,75",Vorstandsmitglied Günther Klußmeyer ist am 25.9.2014 verstorben. Aus diesem Grund ergibt sich eine Kommazahl bei den Vorständen.,"2,4 Mrd. €",k.A.,,k.A.
139,3,,"2,4 Mrd. €",k.A.,,k.A.
141,2,,"2,3 Mrd. €",k.A.,,k.A.
143,2,,"2,3 Mrd. €",k.A.,,k.A.
148,2,,"2,2 Mrd. €",k.A.,,k.A.
150,2,,"2,2 Mrd. €",k.A.,,k.A.
154,3,,"2,3 Mrd. €",k.A.,,k.A.
157,2,,"2,2 Mrd. €",k.A.,,k.A.
159,3,,2 Mrd. €,k.A.,,k.A.
161,2,,"2,1 Mrd. €",k.A.,,k.A.
165,3,,"2,1 Mrd. €",k.A.,,k.A.
167,3,,2 Mrd. €,k.A.,,k.A.
169,2,,2 Mrd. €,k.A.,,k.A.
172,3,,2 Mrd. €,k.A.,,k.A.
176,2,,"1,9 Mrd. €",k.A.,,k.A.
183,3,,2 Mrd. €,k.A.,,k.A.
184,2,,"1,9 Mrd. €",k.A.,,k.A.
194,"2,75",Bianca Hertl schied am 30.9.2014 aus dem Vorstand aus. Aus diesem Grund ergibt sich eine Kommazahl bei den Vorständen.,"1,8 Mrd. €",k.A.,,k.A.
196,"2,5","HASPA Finanzholding hält 65,8% der Aktien der Sparkasse. Sören Abendroth kam erst am 1.7.2014 in den Vorstand. Aus diesem Grund ergibt sich eine Kommazahl bei den Vorständen.","1,9 Mrd. €",k.A.,,k.A.
198,2,,"1,8 Mrd. €",k.A.,,k.A.
201,3,,"1,8 Mrd. €",k.A.,,k.A.
203,2,,"1,7 Mrd. €",k.A.,,k.A.
205,3,,"1,7 Mrd. €",k.A.,,k.A.
206,2,,"1,7 Mrd. €",k.A.,,k.A.
209,2,,"1,7 Mrd. €",k.A.,,k.A.
211,2,,"1,6 Mrd. €",k.A.,,k.A.
212,"2,67",Christoph Weitzel kam am 1.5.2014 in den Vorstand dazu. Aus diesem Grund ergibt sich eine Kommazahl bei den Vorständen.,"1,7 Mrd. €",k.A.,,k.A.
213,2,,"1,6 Mrd. €",k.A.,,k.A.
219,2,,"1,6 Mrd. €",k.A.,,k.A.
221,2,Fusioniert zu Kreissparkasse Westerwald-Sieg,"1,6 Mrd. €",k.A.,,k.A.
223,2,Fusioniert zu Sparkasse Hameln-Weserbergland ,"1,6 Mrd. €",k.A.,,k.A.
224,3,,"1,6 Mrd. €",k.A.,,k.A.
226,2,,"1,6 Mrd. €",k.A.,,k.A.
227,2,,"1,6 Mrd. €",k.A.,,k.A.
228,3,,"1,5 Mrd. €",k.A.,,k.A.
230,2,,"1,6 Mrd. €",k.A.,,k.A.
234,2,,"1,5 Mrd. €",k.A.,,k.A.
235,2,,"1,5 Mrd. €",k.A.,,k.A.
238,2,,"1,5 Mrd. €",k.A.,,k.A.
242,2,,"1,5 Mrd. €",k.A.,,k.A.
248,2,,"1,4 Mrd. €",k.A.,,k.A.
255,2,,"1,4 Mrd. €",k.A.,,k.A.
257,2,,"1,4 Mrd. €",k.A.,,k.A.
258,2,,"1,3 Mrd. €",k.A.,,k.A.
260,2,Fusioniert zu Westerwald-Sieg,"1,3 Mrd. €",k.A.,,k.A.
261,2,,"1,3 Mrd. €",k.A.,,k.A.
262,2,,"1,3 Mrd. €",k.A.,,k.A.
263,2,,"1,3 Mrd. €",k.A.,,k.A.
269,2,,"1,3 Mrd. €",k.A.,,k.A.
276,2,,"1,2 Mrd. €",k.A.,,k.A.
278,3,,"1,2 Mrd. €",k.A.,,k.A.
282,2,,"1,1 Mrd. €",k.A.,,k.A.
290,2,,"1,1 Mrd. €",k.A.,,k.A.
295,2,,1 Mrd. €,k.A.,,k.A.
297,2,,"1,1 Mrd. €",k.A.,,k.A.
299,2,,"1,1 Mrd. €",k.A.,,k.A.
300,2,,"994,2 Mio. €",k.A.,,k.A.
301,3,,"955,7 Mio. €",k.A.,,k.A.
303,2,,1 Mrd. €,k.A.,,k.A.
304,2,,1 Mrd. €,k.A.,,k.A.
307,2,,"835,5 Mio. €",k.A.,,k.A.
308,2,,"911,3 Mio. €",k.A.,,k.A.
311,2,,"930,5 Mio. €",k.A.,,k.A.
312,2,,907 Mio. €,k.A.,,k.A.
314,2,,927 Mio. €,k.A.,,k.A.
317,2,,"925,4 Mio. €",k.A.,,k.A.
318,2,,"895,4 Mio. €",k.A.,,k.A.
324,2,,"843,8 Mio. €",k.A.,,k.A.
325,2,,"843,8 Mio. €",k.A.,,k.A.
330,2,,"812,4 Mio. €",k.A.,,k.A.
332,2,,"799,2 Mio. €",k.A.,,k.A.
333,2,Fusioniert zu Sparkasse Hameln-Weserbergland ,"701,6 Mio. €",k.A.,,k.A.
334,2,,"738,1 Mio. €",k.A.,,k.A.
344,2,,"717,2 Mio. €",k.A.,,k.A.
350,2,,647 Mio. €,k.A.,,k.A.
351,2,,"638,4 Mio. €",k.A.,,k.A.
353,2,,"654,6 Mio. €",k.A.,,k.A.
356,2,,"632,9 Mio. €",k.A.,,k.A.
357,2,,"614,6 Mio. €",k.A.,,k.A.
362,2,,"569,8 Mio. €",k.A.,,k.A.
366,2,,526 Mio. €,k.A.,,k.A.
367,2,,"538,5 Mio. €",k.A.,,k.A.
371,2,,"521,8 Mio. €",k.A.,,k.A.
373,2,,512 Mio. €,k.A.,,k.A.
374,2,,"528,6 Mio. €",k.A.,,k.A.
376,2,,"505,7 Mio. €",k.A.,,k.A.
377,2,,"428,7 Mio. €",k.A.,,k.A.
378,2,,"457,3 Mio. €",k.A.,,k.A.
381,2,,"458,2 Mio. €",k.A.,,k.A.
382,2,,"446,6 Mio. €",k.A.,,k.A.
383,2,,431 Mio. €,k.A.,,k.A.
388,2,,"409,6 Mio. €",k.A.,,k.A.
392,2,,"368,3 Mio. €",k.A.,,k.A.
398,2,,"323,3 Mio. €",k.A.,,k.A.
404,2,,"299,5 Mio. €",k.A.,,k.A.
410,2,,"234,5 Mio. €",k.A.,,k.A.
416,2,,"119,4 Mio. €",k.A.,,k.A.
